<?xml version="1.0"?>
<!-- Game settings -->

<settings>
  <game name="Lizard Wizard" />
  <renderer width="1024" height="768"/>
   
  <font file="Media\Fonts\AverageSans_24.spritefont"/>

  <!-- textures -->
   
  <textures path="Media\Textures">
    <texture name="test" file="test.dds"/>
    <texture name="sample" file="sample.dds"/>
    <texture name="white" file="white.dds"/>
  </textures>

  <!-- sounds -->
  
  <sounds path="Media\Sounds">
    <sound name="clang" file="clang.wav" instances="8"/>
    <sound name="grunt" file="umph.wav" instances="8"/>
    <sound name="impact" file="impact.wav" instances="8"/>
    <sound name="FireCast" file="FireCast.wav" instances="16"/>
    <sound name="IceCast" file="IceCast.wav" instances="16"/>
    <sound name="LightningCast" file="LightningCast.wav" instances="16"/>
	<sound name="EnemyCast1" file="EnemyCast1.wav" instances="16"/>
	<sound name="EnemyCast2" file="EnemyCast2.wav" instances="16"/>
    <sound name="FireImpact1" file="FireImpact1.wav" instances="24"/>
    <sound name="IceImpact1" file="IceImpact1.wav" instances="24"/>
	<sound name="PlayerImpact1" file="PlayerImpact1.wav" instances="8"/>
	<sound name="EnemyImpactMetal1" file="EnemyImpactMetal1.wav" instances="24"/>
	<sound name="EnemyImpactMetal2" file="EnemyImpactMetal2.wav" instances="24"/>
	<sound name="EnemyImpactCrystal1" file="EnemyImpactCrystal1.wav" instances="24"/>
	<sound name="Dash1" file="Dash1.wav" instances="8"/>
	<sound name="Dash2" file="Dash2.wav" instances="8"/>
	<sound name="Dash3" file="Dash3.wav" instances="8"/>
	<sound name="Dash4" file="Dash4.wav" instances="8"/>
	<sound name="PlayerWalk1" file="PlayerWalk1.wav" instances="8"/>
	<sound name="PlayerWalk2" file="PlayerWalk2.wav" instances="8"/>
	<sound name="PlayerLand1" file="PlayerLand1.wav" instances="8"/>
	<sound name="CrystalDeath" file="CrystalDeath.wav" instances="16"/>
	<sound name="ObeliskDeath" file="ObeliskDeath.wav" instances="16"/>
	

  </sounds>

  <!-- models -->

  <models path="Media\Models">
    <model name="cube" file="cube.vbo"/>
    <model name="suzanne" file="suzanne.vbo"/>
    <model name="obelisk" file="obelisk.vbo"/>
    <model name="sentry" file="sentry.vbo"/>
    <model name="staff" file="staff.vbo"/>
    <model name="hand" file="hand.vbo"/>
    <model name="quad" file="quad.vbo"/>
    <model name="cool_cube" file="cool_cube.vbo"/>
	<model name="crystal" file="crystal_enemy.vbo"/>
  </models>
</settings>
